id,income,age,experience_years,city,region,current_job_years,current_house_years,profession,label,is_married_married,is_married_single,house_ownership_norent_noown,house_ownership_owned,house_ownership_rented,car_ownership_no,car_ownership_yes
1,3269849,43,9,107,13,9,14,5,0,False,True,False,False,True,True,False
2,5765117,43,7,132,2,7,11,38,0,False,True,False,False,True,True,False
3,3671761,29,18,78,27,3,14,41,0,False,True,False,False,True,False,True
4,9170909,22,11,287,0,9,14,20,0,False,True,False,False,True,False,True
5,6793952,78,14,22,2,4,13,40,0,False,True,False,False,True,False,True
6,1281960,24,8,275,2,8,13,39,0,False,True,False,False,True,True,False
7,4631589,43,18,275,2,8,13,0,0,False,True,False,False,True,True,False
8,205482,49,4,183,11,4,11,47,0,False,True,False,False,True,True,False
9,1580117,22,7,44,20,7,13,31,0,False,True,False,False,True,True,False
10,9828953,60,19,170,0,14,11,33,0,True,False,False,False,True,True,False
11,3732153,30,0,243,6,0,11,17,0,False,True,False,False,True,True,False
12,3565306,68,0,102,10,0,14,19,0,False,True,False,False,True,False,True
13,7283454,74,5,175,0,5,11,47,0,True,False,False,False,True,True,False
14,8230205,71,6,34,25,6,12,8,0,False,True,False,False,True,False,True
15,6906444,52,15,291,22,12,14,32,0,False,True,False,False,True,True,False
16,8918340,28,13,144,14,10,14,24,0,False,True,False,False,True,True,False
17,7936020,49,13,11,20,6,11,22,0,False,True,False,False,True,True,False
18,5426858,49,7,269,13,7,13,22,0,False,True,False,False,True,True,False
19,904634,73,19,243,6,7,12,0,0,False,True,False,False,True,True,False
20,9525916,36,7,251,13,7,12,25,0,False,True,False,False,True,True,False
21,1900932,69,11,91,22,5,10,33,0,False,True,False,False,True,True,False
22,2172393,27,16,200,2,13,12,12,0,False,True,False,False,True,True,False
23,6097344,27,16,166,12,10,14,44,0,False,True,False,False,True,False,True
24,9074439,41,15,42,2,7,10,7,0,False,True,False,False,True,True,False
25,9878857,32,16,274,7,11,12,9,0,False,True,False,False,True,False,True
26,6951975,54,3,122,11,3,11,1,0,False,True,False,False,True,False,True
27,6942586,23,6,37,11,5,10,49,0,False,True,False,False,True,False,True
28,5174712,64,1,218,0,1,13,27,0,False,True,False,False,True,True,False
29,2264409,48,13,149,23,13,13,21,0,False,True,False,False,True,True,False
30,8746952,28,20,14,14,13,10,17,0,False,True,False,False,True,True,False
31,2704971,62,15,211,14,4,12,9,0,False,True,False,False,True,True,False
32,5700141,37,9,47,4,9,14,24,0,False,True,False,False,True,False,True
33,7268002,62,15,105,0,13,14,22,0,False,True,False,False,True,False,True
34,2745694,36,11,157,25,9,13,29,0,False,True,False,False,True,True,False
35,4939745,39,6,5,16,3,11,2,0,False,True,False,False,True,False,True
36,5982820,26,5,299,22,5,13,46,0,False,True,False,False,True,True,False
37,9247929,48,4,284,6,3,13,26,0,False,True,False,False,True,False,True
38,7164170,49,19,246,10,3,11,22,0,False,True,False,False,True,True,False
39,5505572,45,1,9,25,1,12,25,0,True,False,False,False,True,False,True
40,5643649,77,16,216,25,13,12,45,0,False,True,False,False,True,False,True
41,1944084,25,17,129,19,9,14,44,0,False,True,False,False,True,True,False
42,5025618,35,7,227,14,7,12,4,0,False,True,False,False,True,True,False
43,6062192,21,9,243,6,7,13,49,0,True,False,False,False,True,True,False
44,1896404,66,17,77,11,13,14,18,0,True,False,False,False,True,False,True
45,7072319,70,3,285,23,3,11,6,0,False,True,False,False,True,True,False
46,7861257,39,7,247,25,7,11,32,0,False,True,False,False,True,False,True
47,5185337,50,2,270,20,2,14,40,0,True,False,False,False,True,True,False
48,7037934,53,17,32,28,7,12,41,0,True,False,False,False,True,True,False
49,2074547,55,14,214,5,11,13,45,0,False,True,False,False,True,True,False
50,8644938,26,11,278,28,9,10,2,0,True,False,False,False,True,True,False
51,2101952,46,18,39,28,7,14,47,0,False,True,False,False,True,False,True
52,1367163,33,4,164,4,4,11,16,0,False,True,False,False,True,True,False
53,4348814,77,4,295,1,4,12,35,0,False,True,False,False,True,False,True
54,9202245,74,16,274,7,13,12,23,0,False,True,False,False,True,False,True
55,9094813,52,16,208,0,14,11,44,0,False,True,False,False,True,True,False
56,3480114,40,9,256,2,9,12,2,0,False,True,False,False,True,False,True
57,5315413,35,14,302,20,5,11,4,0,False,True,False,False,True,True,False
58,6884150,69,3,160,12,3,11,34,0,False,True,False,False,True,True,False
59,6468679,60,3,34,25,3,13,39,0,False,True,False,False,True,False,True
60,3261320,73,9,196,2,8,10,40,0,False,True,False,False,True,True,False
61,9959440,78,17,272,28,9,13,16,0,False,True,False,False,True,False,True
62,3255445,39,1,9,25,1,11,11,0,False,True,False,False,True,False,True
63,2061070,55,8,296,22,8,13,16,0,False,True,False,False,True,True,False
64,3331423,38,10,225,7,4,13,12,0,False,True,False,False,True,True,False
65,8514369,21,5,302,20,4,13,41,0,False,True,False,False,True,False,True
66,6115704,57,17,81,10,12,14,20,0,False,True,False,True,False,True,False
67,5270503,28,20,30,11,9,13,34,0,False,True,False,False,True,False,True
68,488193,71,18,107,13,8,10,20,0,False,True,False,False,True,True,False
69,9474065,73,11,62,10,3,11,27,0,False,True,False,False,True,True,False
70,7071461,48,10,191,23,4,12,26,0,False,True,False,True,False,True,False
71,1784853,64,20,43,5,5,14,18,0,True,False,False,False,True,False,True
72,2374233,74,3,89,28,3,11,35,0,False,True,False,False,True,False,True
73,7306045,52,7,175,0,7,11,44,0,False,True,False,False,True,True,False
74,7109768,58,5,208,0,4,11,32,0,False,True,False,False,True,True,False
75,5899823,46,8,93,7,8,13,2,0,True,False,False,False,True,True,False
76,97034,34,4,312,0,4,11,33,0,False,True,False,False,True,False,True
77,3756692,33,4,38,11,4,13,5,0,False,True,False,False,True,False,True
78,8453797,32,4,267,8,4,13,17,0,False,True,False,False,True,False,True
79,6329094,26,17,294,12,12,11,3,0,False,True,False,False,True,True,False
80,4164155,24,2,53,13,2,13,43,0,False,True,True,False,False,True,False
81,7219160,24,7,236,14,5,14,34,0,False,True,False,False,True,False,True
82,6438478,64,6,7,14,6,10,0,0,False,True,False,False,True,False,True
83,9317664,62,8,185,25,8,12,14,0,False,True,False,False,True,False,True
84,3805380,31,15,96,25,6,12,25,0,False,True,False,False,True,True,False
85,3602419,48,12,256,2,8,11,36,0,False,True,False,False,True,False,True
86,384314,57,7,233,18,3,12,38,0,False,True,False,False,True,True,False
87,968346,54,7,75,2,7,10,1,0,False,True,True,False,False,True,False
88,9296631,31,19,296,22,11,12,40,0,False,True,False,False,True,True,False
89,3413189,60,1,191,23,1,13,33,0,False,True,False,False,True,True,False
90,7138986,38,17,65,13,14,13,6,0,False,True,False,True,False,False,True
91,2517076,59,17,78,27,11,12,25,0,False,True,False,False,True,True,False
92,2218507,68,17,308,6,7,10,19,0,False,True,False,False,True,False,True
93,7567147,50,19,5,16,5,13,45,0,False,True,False,True,False,True,False
94,3518281,66,11,4,14,7,12,31,0,False,True,False,False,True,True,False
95,3053891,25,14,234,0,14,11,24,0,False,True,False,False,True,True,False
96,8900631,47,6,292,12,6,12,22,0,False,True,False,False,True,True,False
97,8791008,31,20,74,17,9,11,40,0,False,True,False,False,True,True,False
98,552977,75,0,249,13,0,12,39,0,False,True,False,False,True,True,False
99,2302129,25,0,141,6,0,13,1,0,False,True,False,True,False,True,False
100,5411638,42,3,112,13,3,10,27,0,False,True,False,False,True,True,False
101,147581,74,18,130,14,9,11,7,0,False,True,True,False,False,True,False
102,5143268,53,4,288,0,4,11,35,0,False,True,False,False,True,True,False
103,8369027,47,6,203,1,6,11,3,0,False,True,False,False,True,False,True
104,4120478,68,4,224,28,4,14,31,0,False,True,False,False,True,True,False
105,4925213,59,10,115,25,6,10,10,0,False,True,True,False,False,False,True
106,2318528,33,8,100,2,8,11,43,0,False,True,False,False,True,True,False
107,8776828,78,10,238,25,5,14,44,0,False,True,False,False,True,True,False
108,4709297,42,14,165,20,6,10,18,0,False,True,False,False,True,False,True
109,2213823,73,4,233,18,4,13,29,0,False,True,False,False,True,True,False
110,4686021,50,18,143,0,12,11,34,0,False,True,False,True,False,False,True
111,8203236,36,11,117,10,7,10,46,0,False,True,True,False,False,False,True
112,9196765,21,9,34,25,9,11,46,0,False,True,False,False,True,False,True
113,6495012,30,10,238,25,10,12,24,0,False,True,False,False,True,True,False
114,2893051,66,2,240,28,2,13,2,0,False,True,False,True,False,True,False
115,4027323,79,13,211,14,5,10,11,0,False,True,False,False,True,True,False
116,336557,45,14,199,25,10,11,3,0,False,True,False,False,True,True,False
117,7382620,40,11,296,22,10,13,45,0,False,True,False,False,True,True,False
118,9142815,26,3,39,28,3,12,49,0,True,False,False,False,True,False,True
119,4531154,39,16,85,14,3,11,24,0,False,True,False,False,True,False,True
120,9673547,47,6,77,11,4,12,14,0,True,False,False,False,True,True,False
121,6236454,22,16,74,17,11,10,2,0,False,True,False,True,False,False,True
122,5629582,53,9,91,22,7,11,32,0,False,True,False,False,True,False,True
123,9222946,69,19,261,2,3,12,5,0,False,True,False,False,True,True,False
124,6474294,48,9,17,19,8,13,12,0,False,True,False,False,True,True,False
125,8684575,73,4,173,25,4,11,4,0,False,True,False,False,True,True,False
126,8996000,75,14,281,9,9,11,0,0,False,True,False,False,True,False,True
127,5861200,21,15,277,7,10,12,22,0,False,True,False,False,True,True,False
128,7979294,43,7,14,14,7,11,47,0,False,True,True,False,False,False,True
129,9725128,54,7,275,2,3,10,33,0,False,True,False,False,True,True,False
130,6735557,41,10,147,22,10,12,12,0,False,True,True,False,False,True,False
131,3128681,59,4,174,19,4,12,19,0,False,True,False,True,False,True,False
132,9261400,40,17,108,0,10,12,29,0,False,True,False,False,True,True,False
133,651402,68,9,104,25,9,13,4,0,False,True,False,False,True,False,True
134,7924077,54,14,237,2,13,11,23,0,False,True,False,False,True,False,True
135,6620363,45,10,235,22,10,12,41,0,False,True,False,False,True,True,False
136,7622856,59,5,291,22,5,11,30,0,False,True,False,True,False,True,False
137,7794515,51,2,146,25,2,11,50,0,False,True,False,False,True,True,False
138,1685809,48,18,278,28,3,12,37,0,False,True,False,False,True,False,True
139,9099029,64,9,64,25,7,10,7,0,True,False,False,False,True,False,True
140,4621760,35,4,162,28,4,13,47,0,False,True,False,False,True,True,False
141,8198785,30,10,284,6,10,11,48,0,False,True,False,False,True,True,False
142,6555332,56,20,206,28,4,10,32,0,False,True,False,True,False,True,False
143,5223754,56,3,258,17,3,13,33,0,False,True,False,False,True,True,False
144,8353567,55,14,311,22,3,12,23,0,False,True,False,True,False,True,False
145,4337137,59,3,286,0,3,14,8,0,False,True,False,False,True,True,False
146,4971595,54,8,205,14,8,13,16,0,False,True,False,True,False,True,False
147,2726309,21,13,2,25,10,11,42,0,False,True,False,False,True,False,True
148,5069235,26,10,131,14,9,14,6,0,False,True,False,False,True,False,True
149,3584592,24,0,275,2,0,12,1,0,False,True,False,False,True,False,True
150,4125811,73,0,218,0,0,13,7,0,False,True,False,False,True,True,False
151,8786954,54,19,222,22,7,10,8,0,False,True,False,False,True,True,False
152,4143099,21,3,314,0,3,11,49,0,False,True,False,False,True,True,False
153,7713626,47,0,270,20,0,12,18,0,False,True,True,False,False,False,True
154,955441,79,19,48,20,13,12,32,0,False,True,False,False,True,False,True
155,9731801,72,3,3,6,3,12,26,0,False,True,False,True,False,True,False
156,9046485,63,3,307,25,3,12,44,0,False,True,False,False,True,False,True
157,4270229,73,5,69,2,5,11,41,0,False,True,False,False,True,True,False
158,6674100,43,13,192,25,8,13,27,0,False,True,False,False,True,True,False
159,2915841,52,7,104,25,3,12,20,0,False,True,False,False,True,True,False
160,5225371,22,18,132,2,6,10,23,0,False,True,False,False,True,True,False
161,519314,35,19,114,28,5,11,19,0,True,False,False,False,True,True,False
162,9971347,77,19,194,6,4,14,33,0,False,True,False,True,False,False,True
163,7064604,74,3,294,12,3,12,36,0,False,True,False,False,True,True,False
164,2654218,55,15,48,20,14,14,49,0,False,True,True,False,False,True,False
165,2588052,79,14,100,2,3,13,36,0,False,True,False,False,True,True,False
166,9071461,63,18,262,14,8,13,34,0,True,False,False,False,True,False,True
167,544376,71,19,271,1,9,12,19,0,False,True,False,False,True,True,False
168,3735931,69,15,113,2,14,13,15,0,False,True,False,False,True,True,False
169,8435439,68,1,143,0,1,14,26,0,False,True,False,False,True,True,False
170,5303030,35,7,153,0,6,13,0,0,False,True,False,False,True,True,False
171,7581400,28,9,243,6,9,12,35,0,False,True,False,False,True,True,False
172,132711,75,16,109,0,3,11,37,0,False,True,True,False,False,True,False
173,5037199,77,14,305,14,7,13,50,0,False,True,False,False,True,True,False
174,8817634,22,1,129,19,1,14,36,0,False,True,False,False,True,True,False
175,7539704,76,9,278,28,5,12,14,0,False,True,False,False,True,True,False
176,9623591,49,8,273,13,8,14,4,0,False,True,False,True,False,True,False
177,6702542,60,4,284,6,4,10,37,0,False,True,False,False,True,True,False
178,2116651,55,18,285,23,12,14,27,0,False,True,False,False,True,False,True
179,1113251,22,10,53,13,10,10,42,0,True,False,False,False,True,True,False
180,4348814,77,4,295,1,4,12,35,0,False,True,False,False,True,False,True
181,9098609,36,2,65,13,2,11,34,0,False,True,False,False,True,True,False
182,8856107,53,20,223,7,8,12,10,0,False,True,False,False,True,True,False
183,9222108,78,9,273,13,9,12,6,0,False,True,False,False,True,True,False
184,7121310,53,9,142,0,9,11,19,0,False,True,False,False,True,True,False
185,7025012,70,6,25,2,6,12,30,0,False,True,False,False,True,True,False
186,57536,48,13,291,22,7,13,8,0,False,True,False,False,True,True,False
187,8367934,39,0,225,7,0,12,12,0,True,False,True,False,False,True,False
188,279696,49,17,15,22,12,13,27,0,False,True,False,False,True,False,True
189,333430,34,6,144,14,6,11,3,0,False,True,False,False,True,False,True
190,9046485,63,3,307,25,3,12,44,0,False,True,False,False,True,False,True
191,5187612,39,6,218,0,6,12,43,0,False,True,False,False,True,True,False
192,9603186,43,5,198,2,5,13,34,0,False,True,False,False,True,True,False
193,2293119,46,11,22,2,11,14,11,0,False,True,False,False,True,False,True
194,9438795,62,14,130,14,10,11,49,0,False,True,False,False,True,True,False
195,6904654,32,13,32,28,11,10,1,0,False,True,False,False,True,True,False
196,7053325,31,8,186,25,8,11,33,0,False,True,False,False,True,True,False
197,9222108,78,9,273,13,9,12,6,0,False,True,False,False,True,True,False
198,1832566,46,7,132,2,7,11,7,0,False,True,False,False,True,False,True
199,1406855,42,4,111,1,4,12,4,0,False,True,False,False,True,True,False
200,2416844,28,18,212,14,13,11,45,0,False,True,False,False,True,False,True
201,828507,44,17,22,2,4,11,33,0,False,True,False,False,True,True,False
202,9482759,67,19,168,28,12,12,40,0,False,True,False,False,True,True,False
203,3766437,24,11,209,5,10,10,12,0,True,False,True,False,False,True,False
204,6551671,23,20,311,22,8,12,7,0,True,False,False,False,True,True,False
205,7127792,36,8,316,7,8,13,13,0,False,True,True,False,False,True,False
206,1133068,53,12,300,22,12,11,42,0,False,True,False,False,True,True,False
207,1044096,72,3,232,14,3,10,22,0,False,True,False,False,True,True,False
208,7792403,65,8,147,22,3,12,50,0,False,True,False,False,True,True,False
209,5128999,53,12,289,1,12,10,18,0,False,True,False,False,True,True,False
210,4493857,68,3,251,13,3,13,3,0,False,True,True,False,False,True,False
211,1576759,76,0,124,14,0,13,14,0,False,True,False,False,True,False,True
212,7243585,57,15,180,28,9,11,46,0,False,True,False,False,True,False,True
213,8136993,21,16,246,10,3,11,4,0,False,True,False,True,False,True,False
214,2117452,33,20,39,28,3,12,0,0,False,True,False,False,True,False,True
215,6623111,37,9,202,6,9,13,40,0,False,True,False,False,True,True,False
216,7128746,79,4,17,19,4,11,32,0,False,True,False,False,True,True,False
217,4954873,46,19,186,25,5,13,25,0,False,True,False,False,True,True,False
218,3714943,36,12,178,22,8,12,5,0,False,True,False,False,True,True,False
219,7128746,79,4,17,19,4,11,32,0,False,True,False,False,True,True,False
220,5732279,29,18,289,1,12,11,33,0,False,True,False,False,True,False,True
221,6103090,62,2,120,22,2,13,7,0,False,True,False,False,True,False,True
222,926016,37,20,111,1,3,14,34,0,False,True,False,False,True,True,False
223,7497572,25,13,181,28,8,14,18,0,False,True,False,False,True,False,True
224,7073215,57,9,297,22,6,12,25,0,True,False,False,False,True,True,False
225,8666033,52,1,306,28,1,12,39,0,True,False,False,False,True,True,False
226,6770335,44,4,144,14,4,10,29,0,False,True,False,False,True,True,False
227,7073640,79,6,79,2,6,10,8,0,False,True,False,True,False,False,True
228,9859799,70,1,222,22,1,11,1,0,False,True,False,False,True,False,True
229,3868153,44,4,262,14,4,14,38,0,False,True,False,False,True,False,True
230,1695639,78,3,307,25,3,11,47,0,False,True,False,False,True,True,False
231,1382839,31,3,75,2,3,14,10,0,False,True,False,False,True,True,False
232,9686380,58,7,292,12,7,10,18,0,False,True,False,False,True,False,True
233,4912024,63,20,240,28,4,14,15,0,False,True,False,False,True,False,True
234,1097615,59,15,316,7,5,14,48,0,True,False,False,False,True,True,False
235,1929905,56,17,155,13,14,14,15,0,False,True,False,False,True,True,False
236,7469378,62,0,164,4,0,10,23,0,False,True,False,False,True,False,True
237,585611,31,2,159,2,2,10,21,0,False,True,False,False,True,True,False
238,7220808,71,1,37,11,1,10,23,0,False,True,False,False,True,True,False
239,1639874,63,20,221,20,14,12,46,0,False,True,False,False,True,False,True
240,2601010,40,11,233,18,8,14,17,0,False,True,False,False,True,True,False
241,4205428,49,11,121,28,10,13,47,0,False,True,False,False,True,False,True
242,5197016,28,6,299,22,6,11,5,0,False,True,False,False,True,False,True
243,160166,53,16,308,6,9,11,32,0,False,True,False,False,True,True,False
244,7730239,55,16,290,14,3,12,47,0,False,True,False,False,True,False,True
245,5209218,44,20,102,10,3,14,33,0,False,True,False,False,True,True,False
246,3725530,31,8,309,25,8,14,38,0,False,True,False,False,True,True,False
247,7058393,68,11,225,7,11,11,29,0,False,True,False,False,True,True,False
248,7613756,41,15,181,28,10,13,35,0,False,True,False,False,True,True,False
249,4130211,40,18,89,28,4,10,15,0,True,False,False,False,True,False,True
250,414060,64,16,142,0,14,11,23,0,False,True,True,False,False,True,False
251,52436,37,19,225,7,10,14,27,0,True,False,False,False,True,False,True
252,3295759,41,16,20,0,9,11,15,0,False,True,False,False,True,True,False
253,8370021,40,5,106,11,5,14,47,0,False,True,False,False,True,True,False
254,2790693,36,18,79,2,10,12,33,0,False,True,False,False,True,False,True
255,4005758,79,11,233,18,7,12,10,0,False,True,False,False,True,False,True
256,527900,61,9,188,25,9,10,20,0,False,True,False,False,True,False,True
257,9677982,32,15,146,25,6,14,44,0,False,True,False,False,True,True,False
258,5301870,50,9,255,25,4,11,40,0,False,True,False,False,True,True,False
259,9377132,34,2,75,2,2,12,41,0,False,True,False,False,True,True,False
260,6670038,37,13,12,0,5,14,4,0,False,True,False,False,True,True,False
261,1364891,62,19,189,6,10,14,30,0,False,True,False,False,True,False,True
262,8755375,55,8,148,5,5,14,34,0,False,True,False,False,True,True,False
263,6625727,65,3,268,11,3,13,36,0,False,True,False,False,True,True,False
264,4207193,68,12,159,2,12,13,42,0,False,True,False,False,True,True,False
265,9886335,57,15,74,17,12,11,18,0,False,True,False,False,True,True,False
266,7902199,45,1,62,10,1,10,38,0,False,True,False,False,True,False,True
267,9241363,62,18,264,23,5,11,14,0,False,True,False,False,True,False,True
268,9495400,79,11,208,0,6,11,36,0,False,True,False,False,True,False,True
269,2717090,71,2,166,12,2,10,45,0,False,True,True,False,False,False,True
270,416754,26,6,287,0,4,12,27,0,False,True,False,False,True,True,False
271,8200302,36,13,267,8,5,11,31,0,False,True,False,True,False,True,False
272,3267322,37,9,110,7,9,10,44,0,False,True,False,False,True,False,True
273,5294284,25,19,307,25,14,13,19,0,False,True,True,False,False,True,False
274,7126847,31,9,132,2,9,11,35,0,False,True,False,False,True,True,False
275,8163990,40,6,20,0,6,11,5,0,False,True,True,False,False,False,True
276,2139734,75,8,66,2,4,11,21,0,False,True,False,False,True,False,True
277,825461,63,8,246,10,8,12,12,0,False,True,False,False,True,True,False
278,9215889,37,15,299,22,9,13,25,0,False,True,False,False,True,True,False
279,2602671,59,2,35,19,2,11,17,0,False,True,False,False,True,False,True
280,7362151,65,4,110,7,3,11,32,0,False,True,False,False,True,True,False
281,9391736,53,3,139,20,3,10,31,0,False,True,False,False,True,False,True
282,2688797,32,10,156,28,9,13,26,0,False,True,False,False,True,True,False
283,7825213,61,0,107,13,0,11,35,0,False,True,False,False,True,True,False
284,2172393,27,16,200,2,13,12,12,0,False,True,False,False,True,True,False
285,1629140,33,7,10,26,7,13,1,0,False,True,False,False,True,True,False
286,4408094,30,8,256,2,4,10,36,0,False,True,False,False,True,False,True
287,7637007,48,17,306,28,4,12,16,0,False,True,False,False,True,True,False
288,5910956,31,15,282,5,8,10,46,0,False,True,True,False,False,True,False
289,5830250,24,15,116,27,9,11,50,0,False,True,False,False,True,False,True
290,6755991,65,0,21,0,0,12,31,0,False,True,False,False,True,True,False
291,8141088,22,1,26,22,1,12,25,0,False,True,False,False,True,True,False
292,7348588,62,5,230,19,5,10,46,0,True,False,False,False,True,False,True
293,4104566,73,11,306,28,11,11,9,0,True,False,False,False,True,False,True
294,8382400,76,18,314,0,4,13,29,0,False,True,False,False,True,False,True
295,3391057,58,17,127,13,8,10,38,0,False,True,False,False,True,True,False
296,8663689,26,19,10,26,5,11,49,0,False,True,False,False,True,True,False
297,6304775,21,13,77,11,7,11,35,0,False,True,False,False,True,True,False
298,8323780,62,8,85,14,5,14,18,0,False,True,False,False,True,False,True
299,6904654,32,13,32,28,11,10,1,0,False,True,False,False,True,True,False
300,4353927,73,17,119,11,4,12,35,0,True,False,False,False,True,True,False
301,2428348,34,8,37,11,6,13,4,0,False,True,False,False,True,True,False
302,3248934,40,10,162,28,10,12,13,0,False,True,False,False,True,True,False
303,2623596,54,6,200,2,6,13,49,0,False,True,False,False,True,False,True
304,5372243,66,13,174,19,6,10,12,0,True,False,False,False,True,True,False
305,9122234,60,11,0,0,8,13,0,0,False,True,False,False,True,True,False
306,3891771,53,9,300,22,8,10,6,0,False,True,False,False,True,False,True
307,4010697,31,2,40,17,2,10,38,0,False,True,False,False,True,True,False
308,40007,39,19,117,10,12,13,8,0,False,True,False,False,True,True,False
309,8737689,65,10,180,28,9,14,29,0,True,False,False,False,True,False,True
310,7712137,34,5,236,14,5,11,35,0,False,True,False,False,True,False,True
311,3372296,26,10,126,13,10,12,32,0,True,False,False,False,True,True,False
312,6483163,37,12,305,14,9,10,18,0,False,True,False,False,True,False,True
313,6658067,75,10,224,28,8,10,16,0,False,True,False,False,True,True,False
314,2622163,34,8,111,1,4,12,37,0,False,True,False,False,True,False,True
315,3168724,65,14,211,14,4,10,9,0,False,True,False,False,True,True,False
316,2975236,55,13,132,2,12,10,44,0,False,True,False,False,True,False,True
317,4627367,48,11,196,2,8,11,0,0,False,True,False,False,True,True,False
318,2489299,22,2,159,2,2,11,30,0,False,True,False,False,True,True,False
319,5715578,22,8,181,28,7,14,43,0,False,True,False,False,True,True,False
320,9667629,57,18,185,25,11,13,22,0,False,True,False,False,True,True,False
321,3423124,69,10,161,14,10,10,0,0,False,True,False,False,True,False,True
322,8151369,67,11,73,22,6,12,29,0,False,True,False,False,True,True,False
323,9312068,23,0,225,7,0,11,29,0,False,True,False,False,True,True,False
324,1829777,27,8,59,11,3,14,36,0,False,True,False,False,True,False,True
325,9423566,49,7,207,14,3,14,11,0,False,True,False,False,True,False,True
326,3921757,77,11,162,28,3,14,20,0,False,True,False,False,True,True,False
327,7566971,59,10,189,6,7,12,16,0,False,True,False,False,True,True,False
328,152426,27,18,80,5,8,12,31,0,False,True,False,False,True,True,False
329,8258852,32,19,295,1,9,13,28,0,False,True,False,False,True,True,False
330,8613069,38,14,62,10,5,14,43,0,False,True,False,False,True,True,False
331,7759112,46,16,125,15,3,13,12,0,False,True,False,False,True,True,False
332,3972528,38,16,196,2,6,12,28,0,False,True,True,False,False,False,True
333,6496851,27,1,154,23,1,14,2,0,False,True,False,False,True,False,True
334,5823961,75,8,315,23,7,12,34,0,False,True,False,False,True,True,False
335,7469378,62,0,164,4,0,10,23,0,False,True,False,False,True,False,True
336,7943339,26,11,37,11,11,14,33,0,False,True,False,False,True,True,False
337,9749313,72,17,187,10,14,11,5,0,False,True,False,False,True,False,True
338,4620357,29,10,261,2,5,10,6,0,False,True,False,False,True,True,False
339,1509614,25,0,312,0,0,13,24,0,True,False,False,False,True,False,True
340,9502220,44,3,95,25,3,13,14,0,False,True,False,False,True,True,False
341,2546609,41,6,39,28,6,13,18,0,False,True,False,False,True,True,False
342,5069235,26,10,131,14,9,14,6,0,False,True,False,False,True,False,True
343,1960045,62,5,235,22,5,13,44,0,False,True,False,False,True,True,False
344,5885687,39,20,271,1,3,13,13,0,False,True,False,False,True,True,False
345,2603179,39,20,275,2,13,11,39,0,False,True,False,False,True,False,True
346,3422262,78,8,193,25,8,12,13,0,False,True,False,False,True,False,True
347,5097581,45,14,89,28,10,11,31,0,False,True,False,False,True,True,False
348,6073972,69,9,91,22,3,14,45,0,False,True,False,False,True,True,False
349,8249799,42,19,225,7,12,10,50,0,False,True,False,False,True,True,False
350,9979574,29,20,262,14,10,12,49,0,False,True,False,False,True,True,False
351,8759218,77,4,62,10,4,13,33,0,False,True,False,False,True,True,False
352,4664922,24,12,266,25,12,14,6,0,False,True,False,False,True,True,False
353,2703840,48,17,78,27,5,14,14,0,False,True,True,False,False,True,False
354,3440491,67,3,130,14,3,12,13,0,False,True,False,False,True,True,False
355,2287236,79,2,259,25,2,13,26,0,False,True,False,False,True,False,True
356,4128007,74,11,176,0,11,12,46,0,False,True,False,False,True,True,False
357,2776169,27,16,192,25,8,10,25,0,False,True,False,False,True,True,False
358,5122648,62,14,180,28,4,10,13,0,False,True,False,False,True,False,True
359,6117194,23,9,36,2,9,14,11,0,False,True,False,False,True,False,True
360,9253396,58,14,117,10,8,13,0,0,False,True,False,False,True,True,False
361,4157390,34,17,272,28,12,13,44,0,True,False,False,False,True,True,False
362,2359192,57,1,173,25,1,14,7,0,False,True,False,False,True,True,False
363,1768758,70,18,189,6,11,14,1,0,False,True,False,False,True,False,True
364,1205310,62,13,134,6,9,11,10,0,False,True,False,False,True,False,True
365,3942882,77,18,55,14,4,10,29,0,False,True,False,False,True,True,False
366,4662331,79,20,32,28,8,11,11,0,False,True,False,False,True,True,False
367,8344425,79,17,103,28,3,13,29,0,False,True,False,False,True,True,False
368,4642438,55,13,146,25,13,14,19,0,False,True,False,False,True,True,False
369,9241363,62,18,264,23,5,11,14,0,False,True,False,False,True,False,True
370,7793212,27,19,244,28,13,11,45,0,False,True,False,False,True,True,False
371,9685181,61,19,18,25,3,11,4,0,False,True,False,False,True,False,True
372,383685,58,4,223,7,4,10,30,0,False,True,False,False,True,True,False
373,5992073,22,14,63,1,6,10,31,0,False,True,False,False,True,True,False
374,4388557,43,8,44,20,7,13,26,0,False,True,False,False,True,True,False
375,2386962,43,1,153,0,1,14,45,0,False,True,False,True,False,True,False
376,7511885,43,6,289,1,6,12,32,0,False,True,False,False,True,True,False
377,5222215,75,9,105,0,9,14,19,0,False,True,False,False,True,True,False
378,2327351,57,10,1,24,10,12,17,0,False,True,False,False,True,False,True
379,8885531,57,13,289,1,4,13,35,0,False,True,False,False,True,True,False
380,238506,24,3,52,7,3,13,15,0,False,True,False,False,True,False,True
381,431811,50,20,22,2,5,10,10,0,False,True,False,False,True,True,False
382,1041253,64,16,222,22,10,14,6,0,False,True,False,False,True,True,False
383,2370396,69,4,269,13,4,10,12,0,True,False,False,False,True,True,False
384,9591471,61,0,127,13,0,14,23,0,False,True,False,False,True,True,False
385,7936046,35,11,290,14,10,14,23,0,False,True,False,False,True,False,True
386,5990870,74,4,273,13,4,10,5,0,False,True,False,False,True,True,False
387,8658757,28,6,132,2,6,14,8,0,False,True,False,False,True,False,True
388,3155638,23,1,97,6,1,14,16,0,False,True,False,False,True,True,False
389,3254201,31,14,89,28,6,14,25,0,True,False,False,False,True,True,False
390,8039588,41,2,98,6,2,11,0,0,False,True,False,False,True,True,False
391,8256373,33,15,143,0,7,13,32,0,False,True,False,False,True,False,True
392,9538930,73,1,70,22,1,12,21,0,False,True,False,False,True,False,True
393,7229092,78,9,21,0,6,11,27,0,False,True,False,False,True,False,True
394,3976417,51,6,268,11,6,13,35,0,False,True,False,False,True,True,False
395,1026437,72,4,180,28,4,14,25,0,False,True,False,False,True,True,False
396,2712710,70,8,155,13,5,11,40,0,False,True,False,False,True,True,False
397,3295759,41,16,20,0,9,11,15,0,False,True,False,False,True,True,False
398,6403083,67,2,218,0,2,12,25,0,False,True,False,False,True,False,True
399,8007329,77,9,119,11,9,13,2,0,False,True,False,False,True,False,True
400,1850597,55,12,208,0,12,10,15,0,False,True,True,False,False,True,False
401,7303669,53,17,224,28,9,12,2,0,True,False,False,False,True,False,True
402,3330944,52,7,291,22,7,10,6,0,False,True,True,False,False,True,False
403,8498715,24,1,12,0,1,14,30,0,False,True,False,False,True,True,False
404,9904602,51,14,244,28,6,11,16,0,False,True,False,False,True,True,False
405,2810048,79,7,115,25,7,13,21,0,False,True,False,False,True,True,False
406,1303925,57,11,151,2,11,14,42,0,False,True,False,False,True,True,False
407,1967586,56,19,63,1,10,12,19,0,False,True,False,False,True,True,False
408,7167873,61,0,13,7,0,11,18,0,False,True,False,False,True,False,True
409,8215558,43,1,87,22,1,13,46,0,False,True,False,False,True,False,True
410,9423566,49,7,207,14,3,14,11,0,False,True,False,False,True,False,True
411,1308957,22,20,67,3,3,14,19,0,False,True,False,False,True,True,False
412,8697355,54,17,218,0,13,12,2,0,False,True,False,False,True,True,False
413,3483388,47,6,18,25,6,13,48,0,False,True,False,False,True,True,False
414,2675511,69,3,312,0,3,10,7,0,False,True,False,False,True,True,False
415,8324652,70,14,190,14,12,11,40,0,False,True,False,False,True,True,False
416,9558723,35,2,57,28,2,10,9,0,True,False,False,False,True,True,False
417,7321831,46,8,173,25,6,11,48,0,False,True,False,False,True,True,False
418,8312214,43,12,261,2,12,11,44,0,False,True,False,False,True,True,False
419,246678,68,15,290,14,8,14,39,0,False,True,False,False,True,True,False
420,9738992,35,17,24,14,13,12,46,0,False,True,False,False,True,False,True
421,1618942,31,17,62,10,7,12,32,0,False,True,False,False,True,True,False
422,6485980,71,12,309,25,5,13,24,0,False,True,False,False,True,True,False
423,4329352,26,3,211,14,3,12,40,0,False,True,False,False,True,True,False
424,6058793,45,0,240,28,0,12,28,0,False,True,False,False,True,True,False
425,4031165,50,5,60,20,5,13,6,0,False,True,False,False,True,True,False
426,6809745,74,0,173,25,0,13,47,0,False,True,False,False,True,False,True
427,9889836,48,10,102,10,5,12,38,0,False,True,False,False,True,False,True
428,4825413,45,18,281,9,11,14,9,0,False,True,False,False,True,False,True
429,5331134,33,13,60,20,6,13,34,0,False,True,False,False,True,True,False
430,7936046,35,11,290,14,10,14,23,0,False,True,False,False,True,False,True
431,1265890,57,0,306,28,0,14,48,0,False,True,False,False,True,True,False
432,4084683,74,7,122,11,3,10,49,0,False,True,False,False,True,True,False
433,6830726,29,20,243,6,3,14,42,0,True,False,False,False,True,False,True
434,404159,79,14,199,25,4,10,26,0,True,False,False,False,True,False,True
435,6947233,62,10,56,11,10,12,47,0,False,True,False,False,True,True,False
436,7002478,38,20,258,17,5,13,42,0,True,False,False,False,True,True,False
437,4662331,79,20,32,28,8,11,11,0,False,True,False,False,True,True,False
438,1077388,45,20,98,6,12,11,30,0,False,True,False,False,True,False,True
439,5413550,53,18,141,6,12,12,5,0,False,True,False,True,False,False,True
440,800194,33,5,76,2,5,13,19,0,False,True,False,False,True,True,False
441,5971641,31,3,198,2,3,11,37,0,False,True,False,False,True,True,False
442,6866088,68,19,124,14,10,13,50,0,True,False,False,False,True,False,True
443,9341101,61,18,134,6,11,12,13,0,False,True,False,False,True,True,False
444,6744134,56,13,307,25,8,14,38,0,False,True,False,False,True,False,True
445,1526409,79,13,189,6,11,10,22,0,True,False,False,False,True,True,False
446,6040569,62,4,21,0,4,11,16,0,False,True,False,False,True,True,False
447,1011117,22,11,87,22,8,14,32,0,False,True,False,False,True,True,False
448,3741822,37,14,101,25,12,14,43,0,False,True,False,False,True,True,False
449,5448587,39,1,146,25,1,13,5,0,False,True,False,False,True,True,False
450,6025622,60,13,178,22,7,11,24,0,False,True,False,False,True,True,False
451,112513,77,2,47,4,2,10,25,0,False,True,False,False,True,False,True
452,3451746,34,20,41,2,6,10,44,0,False,True,False,True,False,True,False
453,5394516,76,0,309,25,0,13,42,0,False,True,False,False,True,True,False
454,3991815,66,4,8,12,4,10,47,0,True,False,False,False,True,True,False
455,1947449,42,8,58,2,8,11,33,0,False,True,False,False,True,True,False
456,3670961,63,12,295,1,3,11,40,0,False,True,False,True,False,True,False
457,768593,33,2,218,0,2,14,27,0,False,True,False,False,True,False,True
458,7231299,61,18,15,22,8,13,9,0,False,True,False,False,True,True,False
459,8939837,40,8,216,25,5,11,15,0,False,True,False,False,True,True,False
460,1161425,45,14,63,1,13,13,6,0,False,True,False,False,True,True,False
461,93648,34,3,46,6,3,12,15,0,False,True,False,False,True,True,False
462,9591471,61,0,127,13,0,14,23,0,False,True,False,False,True,True,False
463,2635606,59,8,154,23,4,12,37,0,False,True,False,False,True,True,False
464,4959909,56,11,0,0,5,12,33,0,False,True,False,False,True,False,True
465,5509700,37,0,175,0,0,13,34,0,False,True,False,False,True,True,False
466,7341279,50,0,244,28,0,11,29,0,False,True,False,False,True,True,False
467,7712137,34,5,236,14,5,11,35,0,False,True,False,False,True,False,True
468,915146,50,4,97,6,4,13,14,0,False,True,False,True,False,True,False
469,8744413,27,12,115,25,12,13,19,0,False,True,False,False,True,True,False
470,1147297,50,20,112,13,12,11,27,0,False,True,False,False,True,True,False
471,6073350,68,5,236,14,5,14,28,0,False,True,False,False,True,True,False
472,8775036,71,14,282,5,9,12,32,0,False,True,False,False,True,True,False
473,1006955,31,20,9,25,3,13,17,0,False,True,False,False,True,False,True
474,6121261,23,15,290,14,5,14,11,0,False,True,False,False,True,True,False
475,4915233,76,5,278,28,3,11,18,0,False,True,False,False,True,True,False
476,8410820,34,15,87,22,13,11,46,0,False,True,False,False,True,False,True
477,752752,76,3,3,6,3,12,37,0,False,True,False,False,True,True,False
478,3771768,38,13,109,0,9,13,3,0,False,True,False,False,True,True,False
479,5824731,61,7,274,7,6,14,23,0,False,True,False,False,True,False,True
480,4269729,70,8,307,25,8,13,22,0,False,True,False,False,True,False,True
481,2096865,23,11,78,27,11,12,19,0,False,True,False,False,True,True,False
482,9500698,27,8,245,23,8,14,13,0,False,True,False,False,True,True,False
483,9241745,23,10,177,28,10,11,50,0,False,True,False,False,True,True,False
484,2779765,45,11,182,14,4,13,0,0,False,True,False,False,True,True,False
485,7376970,37,17,199,25,12,13,32,0,False,True,False,False,True,True,False
486,5597223,74,8,6,20,3,14,14,0,False,True,False,False,True,False,True
487,1662067,31,14,274,7,7,10,47,0,False,True,False,False,True,False,True
488,5787174,37,10,73,22,3,11,21,0,False,True,False,False,True,True,False
489,3145889,47,17,123,23,4,11,19,0,True,False,False,False,True,False,True
490,1933767,44,15,28,25,14,10,1,0,False,True,False,False,True,False,True
491,6754188,26,2,197,14,2,14,50,0,False,True,False,False,True,False,True
492,1545384,35,14,256,2,14,11,1,0,False,True,False,False,True,True,False
493,1164616,47,11,135,10,4,10,47,0,False,True,False,False,True,False,True
494,7530333,67,19,249,13,4,10,28,0,False,True,False,False,True,True,False
495,3816048,55,1,274,7,1,14,9,0,False,True,False,False,True,True,False
496,5072014,68,16,314,0,13,13,30,0,False,True,False,False,True,True,False
497,3379005,77,1,234,0,1,11,34,0,False,True,False,False,True,True,False
498,6368882,46,7,72,0,3,10,1,0,False,True,False,False,True,True,False
499,3179384,34,11,16,14,7,14,31,0,True,False,False,False,True,True,False
500,6220011,57,19,231,10,14,14,21,0,False,True,False,True,False,True,False
501,594907,34,9,262,14,7,13,40,0,False,True,False,False,True,True,False
502,5204951,21,12,213,0,11,14,30,0,False,True,False,False,True,True,False
503,3879880,49,10,94,25,10,12,39,0,False,True,False,False,True,True,False
504,9275320,28,12,51,14,3,13,10,0,False,True,False,False,True,True,False
505,4060312,53,9,161,14,8,12,19,0,False,True,False,False,True,True,False
506,133768,50,20,68,14,10,12,30,0,False,True,False,False,True,True,False
507,8486446,37,13,21,0,11,12,42,0,False,True,False,False,True,True,False
508,5083653,35,14,15,22,12,11,44,0,False,True,False,False,True,False,True
509,651402,68,9,104,25,9,13,4,0,False,True,False,False,True,False,True
510,7675013,24,17,117,10,14,13,20,0,False,True,False,False,True,False,True
511,389508,49,0,271,1,0,12,44,0,False,True,False,False,True,False,True
512,5955545,64,15,4,14,12,12,27,0,True,False,False,False,True,True,False
513,9791163,54,18,163,12,11,14,29,0,False,True,False,False,True,False,True
514,4940114,43,8,168,28,8,10,20,0,False,True,False,False,True,True,False
515,3780397,28,18,12,0,8,12,50,0,False,True,False,False,True,False,True
516,3831842,58,4,294,12,4,14,11,0,False,True,False,False,True,True,False
517,4161972,41,16,113,2,9,11,10,0,False,True,False,True,False,True,False
518,2165988,58,14,268,11,6,13,44,0,False,True,False,True,False,True,False
519,1548154,30,13,278,28,4,12,27,0,False,True,False,False,True,True,False
520,7877571,25,1,246,10,1,12,48,0,False,True,False,False,True,True,False
521,667848,58,10,93,7,8,12,12,0,False,True,False,False,True,True,False
522,7966142,41,2,67,3,2,13,5,0,False,True,True,False,False,True,False
523,6623361,76,3,184,10,3,13,23,0,False,True,False,False,True,True,False
524,4612685,25,19,296,22,8,11,44,0,False,True,False,False,True,False,True
525,9148621,43,9,61,4,3,12,38,0,False,True,False,False,True,True,False
526,6073350,68,5,236,14,5,14,28,0,False,True,False,False,True,True,False
527,4391559,52,6,251,13,6,13,11,0,False,True,False,True,False,True,False
528,6251533,50,16,0,0,4,11,17,0,False,True,False,False,True,False,True
529,3805380,31,15,96,25,6,12,25,0,False,True,False,False,True,True,False
530,8863428,74,5,140,1,5,14,9,0,False,True,False,False,True,True,False
531,4674975,38,13,47,4,12,10,36,0,False,True,False,False,True,False,True
532,2709078,60,4,167,12,4,12,13,0,False,True,False,False,True,True,False
533,6548472,41,15,61,4,7,14,17,0,False,True,False,False,True,True,False
534,9317664,62,8,185,25,8,12,14,0,False,True,False,False,True,False,True
535,1029026,21,9,194,6,9,13,31,0,False,True,False,False,True,False,True
536,4389360,42,20,127,13,11,10,41,0,False,True,False,False,True,False,True
537,7871784,54,10,71,28,10,12,16,0,False,True,False,False,True,False,True
538,2073614,67,8,82,13,8,10,40,0,False,True,False,False,True,True,False
539,3069692,47,19,282,5,5,11,43,0,False,True,True,False,False,True,False
540,7840891,54,9,271,1,6,14,10,0,True,False,False,False,True,False,True
541,4348814,77,4,295,1,4,12,35,0,False,True,False,False,True,False,True
542,7648698,68,16,138,25,13,10,40,0,False,True,False,False,True,False,True
543,3663764,40,0,26,22,0,10,15,0,False,True,False,False,True,True,False
544,3946313,45,9,145,28,9,11,22,0,False,True,False,False,True,False,True
545,3248934,40,10,162,28,10,12,13,0,False,True,False,False,True,True,False
546,4329713,42,9,278,28,6,14,22,0,True,False,False,False,True,True,False
547,3393850,59,18,20,0,12,13,9,0,False,True,False,False,True,True,False
548,521887,63,20,155,13,9,14,21,0,False,True,False,False,True,False,True
549,9744419,47,10,44,20,10,13,22,0,False,True,False,False,True,False,True
550,5648251,48,2,27,25,2,13,27,0,False,True,False,False,True,False,True
551,6196897,25,3,47,4,3,12,25,0,False,True,False,False,True,True,False
552,78418,35,18,35,19,12,12,0,0,False,True,False,False,True,True,False
553,6735205,26,17,297,22,5,13,46,0,True,False,False,False,True,True,False
554,5507871,72,5,168,28,5,10,18,0,True,False,False,False,True,False,True
555,7968822,24,13,36,2,3,13,36,0,False,True,False,False,True,True,False
556,7792403,65,8,147,22,3,12,50,0,False,True,False,False,True,True,False
557,6686452,34,4,195,13,4,12,25,0,False,True,False,False,True,True,False
558,4012026,72,8,293,22,6,14,29,0,False,True,False,False,True,True,False
559,9253396,58,14,117,10,8,13,0,0,False,True,False,False,True,True,False
560,2875030,49,10,289,1,10,10,18,0,False,True,False,False,True,True,False
561,3247184,70,17,192,25,13,10,25,0,False,True,False,False,True,False,True
562,7335666,56,13,81,10,8,12,41,0,False,True,False,False,True,True,False
563,4324896,43,3,161,14,3,13,18,0,False,True,False,False,True,True,False
564,8818909,41,6,48,20,3,13,31,0,False,True,False,False,True,False,True
565,8909885,22,3,76,2,3,11,14,0,True,False,False,False,True,False,True
566,6621319,27,2,231,10,2,14,39,0,False,True,False,False,True,False,True
567,1944084,25,17,129,19,9,14,44,0,False,True,False,False,True,True,False
568,531824,33,1,99,21,1,14,17,0,False,True,False,False,True,False,True
569,3364378,50,17,109,0,12,13,7,0,False,True,False,False,True,True,False
570,6816106,31,20,0,0,11,14,44,0,False,True,False,False,True,False,True
571,3722050,73,12,162,28,11,13,33,0,False,True,False,False,True,True,False
572,6360265,31,18,197,14,3,11,41,0,False,True,False,False,True,True,False
573,5469957,21,8,59,11,8,12,40,0,False,True,False,False,True,False,True
574,7552857,35,15,227,14,7,10,7,0,False,True,False,False,True,True,False
575,549784,63,4,217,28,4,13,5,0,False,True,False,True,False,False,True
576,6086898,65,3,77,11,3,12,22,0,False,True,False,False,True,False,True
577,7251582,64,17,37,11,5,11,25,0,False,True,False,False,True,True,False
578,6020689,74,18,138,25,7,12,31,0,False,True,False,False,True,True,False
579,4137042,23,17,27,25,8,12,4,0,False,True,False,False,True,False,True
580,1164616,47,11,135,10,4,10,47,0,False,True,False,False,True,False,True
581,1406482,34,7,177,28,7,11,15,0,False,True,False,False,True,True,False
582,5542629,22,16,174,19,3,13,49,0,False,True,False,False,True,True,False
583,4114765,50,20,0,0,12,10,28,0,False,True,False,False,True,True,False
584,9035152,56,10,168,28,10,14,0,0,False,True,False,False,True,True,False
585,7871784,54,10,71,28,10,12,16,0,False,True,False,False,True,False,True
586,6551671,23,20,311,22,8,12,7,0,True,False,False,False,True,True,False
587,7977722,69,19,194,6,14,12,25,0,True,False,False,False,True,True,False
588,6932717,37,0,187,10,0,13,21,0,False,True,False,False,True,True,False
589,3691589,58,10,142,0,10,14,18,0,False,True,False,False,True,True,False
590,7731278,33,12,259,25,11,13,25,0,True,False,False,False,True,True,False
591,4508919,59,6,157,25,6,14,4,0,False,True,False,False,True,False,True
592,9464294,42,9,251,13,5,10,13,0,False,True,False,False,True,True,False
593,1363933,45,14,137,2,4,10,4,0,False,True,False,False,True,False,True
594,5697725,46,0,65,13,0,11,46,0,False,True,False,False,True,True,False
595,5245448,25,8,87,22,7,14,49,0,False,True,False,False,True,False,True
596,5484464,58,2,207,14,2,12,47,0,False,True,False,False,True,False,True
597,3608549,23,0,207,14,0,11,49,0,False,True,False,False,True,True,False
598,4786725,24,11,136,25,7,11,30,0,False,True,False,False,True,True,False
599,3219536,33,18,154,23,6,13,35,0,False,True,False,False,True,False,True
600,7766033,43,8,94,25,8,13,35,0,False,True,False,False,True,False,True
601,9627469,48,17,11,20,6,14,19,0,True,False,False,False,True,True,False
602,8609803,66,3,149,23,3,11,38,0,False,True,False,False,True,True,False
603,7526688,54,8,12,0,6,14,25,0,False,True,False,False,True,True,False
604,8162332,74,9,89,28,6,10,29,0,False,True,False,False,True,True,False
605,8531866,39,12,5,16,4,10,7,0,False,True,False,False,True,False,True
606,4823993,51,6,175,0,6,13,28,0,False,True,False,False,True,False,True
607,9841721,58,19,63,1,9,12,6,0,False,True,False,False,True,True,False
608,6487755,78,12,101,25,6,11,15,0,True,False,False,True,False,True,False
609,6621319,27,2,231,10,2,14,39,0,False,True,False,False,True,False,True
610,9719853,61,14,184,10,3,13,11,0,False,True,False,False,True,False,True
611,6467565,26,0,255,25,0,12,50,0,False,True,False,False,True,True,False
612,1886371,68,15,4,14,7,10,23,0,False,True,False,False,True,False,True
613,147127,79,0,279,20,0,12,14,0,False,True,False,False,True,False,True
614,3457683,67,18,187,10,13,12,2,0,False,True,False,False,True,True,False
615,608319,21,10,61,4,5,11,35,0,False,True,False,False,True,True,False
616,9936818,79,6,94,25,6,13,38,0,False,True,False,False,True,True,False
617,1903400,75,17,0,0,3,13,28,0,True,False,False,False,True,True,False
618,8675283,65,20,121,28,13,13,36,0,False,True,False,False,True,True,False
619,4684905,76,1,166,12,1,13,17,0,False,True,False,False,True,True,False
620,3616979,40,17,112,13,9,11,12,0,False,True,False,False,True,True,False
621,8462658,53,16,83,10,12,12,30,0,False,True,False,False,True,False,True
622,6907758,59,14,117,10,3,13,0,0,False,True,False,False,True,False,True
623,4036960,79,16,225,7,3,13,21,0,False,True,False,False,True,False,True
624,4862321,65,16,207,14,9,11,45,0,True,False,False,False,True,False,True
625,8597260,56,20,268,11,6,14,41,0,False,True,False,False,True,False,True
626,8398435,50,9,313,0,8,10,20,0,False,True,True,False,False,False,True
627,8498715,24,1,12,0,1,14,30,0,False,True,False,False,True,True,False
628,3915752,37,5,179,23,5,12,9,0,True,False,False,False,True,True,False
629,2336648,25,9,236,14,6,11,34,0,True,False,False,False,True,False,True
630,7645941,75,20,11,20,11,14,16,0,False,True,False,False,True,True,False
631,1576494,36,5,250,17,5,14,49,0,False,True,False,False,True,False,True
632,6152639,27,12,70,22,7,11,41,0,False,True,False,False,True,True,False
633,5377559,37,1,88,4,1,11,12,0,False,True,False,False,True,True,False
634,9159100,49,12,69,2,12,12,19,0,False,True,False,False,True,True,False
635,3327224,48,0,92,25,0,10,22,0,False,True,False,False,True,False,True
636,6036833,25,11,55,14,11,12,9,0,False,True,False,False,True,True,False
637,8253120,38,17,79,2,8,10,28,0,False,True,False,False,True,False,True
638,8963896,45,9,197,14,8,10,30,0,False,True,False,False,True,True,False
639,291209,58,4,221,20,4,14,0,0,False,True,False,False,True,False,True
640,6718393,25,4,274,7,4,14,41,0,False,True,False,False,True,True,False
641,8124550,31,20,121,28,12,11,35,0,False,True,False,False,True,False,True
642,9215706,34,10,254,13,10,14,18,0,False,True,False,False,True,False,True
643,3994234,72,18,291,22,4,13,45,0,False,True,False,False,True,True,False
644,4505832,27,12,138,25,5,13,38,0,False,True,False,False,True,False,True
645,1771499,25,15,34,25,14,14,29,0,False,True,True,False,False,True,False
646,8920641,46,9,306,28,9,10,6,0,False,True,False,False,True,True,False
647,8737689,65,10,180,28,9,14,29,0,True,False,False,False,True,False,True
648,6927783,30,3,201,11,3,12,24,0,False,True,False,False,True,True,False
649,4556669,50,2,154,23,2,13,28,0,False,True,False,False,True,False,True
650,5605985,57,12,56,11,3,11,21,0,False,True,False,False,True,True,False
651,2701804,61,8,206,28,8,12,16,0,False,True,False,False,True,True,False
652,5890358,43,4,292,12,4,13,32,0,False,True,False,False,True,True,False
653,7923142,39,5,306,28,5,13,42,0,False,True,False,False,True,True,False
654,6483163,37,12,305,14,9,10,18,0,False,True,False,False,True,False,True
655,3269849,43,9,107,13,9,14,5,0,False,True,False,False,True,True,False
656,9776871,26,8,54,17,5,13,2,0,False,True,False,False,True,True,False
657,962072,25,14,230,19,4,11,15,0,False,True,False,False,True,False,True
658,9215706,34,10,254,13,10,14,18,0,False,True,False,False,True,False,True
659,6885928,79,15,177,28,13,13,0,0,True,False,False,False,True,True,False
660,347930,64,5,234,0,5,12,39,0,False,True,False,False,True,True,False
661,2162328,52,7,27,25,7,12,3,0,False,True,False,False,True,True,False
662,1874022,44,15,291,22,7,14,33,0,False,True,False,False,True,True,False
663,4734936,31,1,218,0,1,10,31,0,False,True,False,False,True,False,True
664,9457317,38,12,207,14,9,14,28,0,False,True,False,False,True,True,False
665,5792307,24,9,67,3,8,13,32,0,False,True,False,False,True,False,True
666,9247929,48,4,284,6,3,13,26,0,False,True,False,False,True,False,True
667,6296816,37,0,167,12,0,11,36,0,False,True,False,False,True,True,False
668,5734542,32,12,307,25,5,13,43,0,False,True,False,False,True,True,False
669,1204524,43,15,301,11,7,14,27,0,False,True,False,False,True,True,False
670,605878,51,5,248,10,4,11,47,0,False,True,False,False,True,True,False
671,4706227,76,6,116,27,6,14,47,0,False,True,False,False,True,False,True
672,8623683,29,13,43,5,5,14,4,0,True,False,False,False,True,True,False
673,7914034,23,2,106,11,2,10,8,0,False,True,False,False,True,True,False
674,1041253,64,16,222,22,10,14,6,0,False,True,False,False,True,True,False
675,3508614,32,11,138,25,8,13,20,0,False,True,False,False,True,True,False
676,1551042,70,18,27,25,13,13,35,0,False,True,False,False,True,True,False
677,4868676,33,7,95,25,7,14,47,0,False,True,False,False,True,False,True
678,9333457,46,10,87,22,10,13,8,0,False,True,False,False,True,True,False
679,2591683,49,20,53,13,7,11,47,0,False,True,False,False,True,False,True
680,5356355,34,6,150,7,6,13,7,0,False,True,False,False,True,False,True
681,4778152,42,13,298,0,3,12,42,0,False,True,False,False,True,True,False
682,9130922,43,1,271,1,1,10,22,0,False,True,False,False,True,True,False
683,203588,49,18,248,10,5,10,47,0,False,True,False,False,True,True,False
684,1529495,53,6,253,17,6,14,34,0,False,True,False,True,False,False,True
685,2264409,48,13,149,23,13,13,21,0,False,True,False,False,True,True,False
686,2240230,31,3,52,7,3,12,46,0,True,False,False,False,True,True,False
687,1423305,70,5,298,0,5,11,16,0,False,True,False,False,True,True,False
688,3980648,48,19,70,22,3,14,8,0,False,True,False,False,True,False,True
689,7714509,22,4,9,25,4,12,27,0,True,False,False,False,True,True,False
690,7392946,33,12,5,16,8,10,45,0,False,True,False,False,True,True,False
691,1381568,50,7,104,25,4,10,33,0,False,True,False,False,True,True,False
692,3054835,68,10,136,25,3,14,30,0,False,True,False,False,True,True,False
693,7724990,26,10,253,17,4,12,40,0,False,True,False,False,True,True,False
694,2799879,44,0,127,13,0,11,34,0,False,True,False,False,True,True,False
695,9212808,46,16,60,20,11,11,12,0,False,True,False,False,True,True,False
696,5031104,67,1,120,22,1,10,0,0,False,True,False,False,True,True,False
697,8690515,21,10,60,20,9,11,15,0,False,True,False,True,False,True,False
698,8683216,21,0,193,25,0,12,7,0,True,False,False,False,True,True,False
699,6073972,69,9,91,22,3,14,45,0,False,True,False,False,True,True,False
700,1837938,37,15,79,2,10,14,14,0,False,True,False,False,True,True,False
701,4145551,46,15,9,25,11,13,44,1,True,False,False,False,True,True,False
702,681915,24,16,305,14,9,10,41,1,False,True,False,False,True,True,False
703,1507197,32,6,31,28,5,11,11,1,False,True,False,False,True,False,True
704,3453372,47,2,255,25,2,10,23,1,False,True,False,False,True,True,False
705,7757778,78,17,298,0,12,12,22,1,False,True,False,False,True,True,False
706,7693988,62,17,19,6,13,13,28,1,False,True,False,False,True,False,True
707,6733582,24,3,23,28,3,10,48,1,False,True,False,False,True,True,False
708,974413,35,1,65,13,1,14,31,1,False,True,False,False,True,True,False
709,1578598,50,11,186,25,11,11,43,1,False,True,False,False,True,True,False
710,4435200,60,15,262,14,5,10,25,1,False,True,False,False,True,True,False
711,622010,65,8,143,0,8,13,15,1,False,True,False,False,True,True,False
712,7691997,48,18,8,12,8,12,41,1,False,True,False,False,True,False,True
713,8948812,52,11,188,25,10,11,23,1,False,True,False,False,True,False,True
714,9100135,64,18,285,23,12,11,15,1,False,True,False,True,False,True,False
715,166480,36,8,314,0,8,11,38,1,False,True,False,False,True,False,True
716,4966060,49,8,256,2,8,13,41,1,True,False,False,False,True,False,True
717,332177,70,20,270,20,7,13,42,1,False,True,False,False,True,True,False
718,1325345,66,8,193,25,8,14,23,1,False,True,False,False,True,True,False
719,9603186,43,5,198,2,5,13,34,1,False,True,False,False,True,True,False
720,8424956,57,12,142,0,12,10,21,1,False,True,False,False,True,True,False
721,4740878,27,11,55,14,8,12,40,1,False,True,False,False,True,False,True
722,2442625,67,9,109,0,7,12,24,1,True,False,False,False,True,False,True
723,1783274,34,8,57,28,7,12,46,1,False,True,False,True,False,True,False
724,7037934,53,17,32,28,7,12,41,1,True,False,False,False,True,True,False
725,6207088,35,16,22,2,13,13,20,1,False,True,False,False,True,True,False
726,5953603,29,11,205,14,7,10,33,1,False,True,False,False,True,False,True
727,8314069,31,17,112,13,8,14,14,1,False,True,False,False,True,True,False
728,2921830,35,7,29,28,7,13,17,1,False,True,False,False,True,False,True
729,7810957,48,5,163,12,5,11,17,1,False,True,False,False,True,False,True
730,1069291,59,12,98,6,12,11,22,1,True,False,False,False,True,False,True
731,4094969,61,13,243,6,4,11,37,1,False,True,False,False,True,True,False
732,8141088,22,1,26,22,1,12,25,1,False,True,False,False,True,True,False
733,5125951,56,10,210,0,7,13,37,1,False,True,False,False,True,False,True
734,3666346,56,12,55,14,12,11,39,1,False,True,False,False,True,True,False
735,4907746,43,11,227,14,3,14,5,1,False,True,False,False,True,True,False
736,9700230,55,20,205,14,8,13,30,1,False,True,False,False,True,True,False
737,7243585,57,15,180,28,9,11,46,1,False,True,False,False,True,False,True
738,9807280,37,0,206,28,0,13,1,1,False,True,False,False,True,True,False
739,6853898,37,19,64,25,11,13,47,1,False,True,False,False,True,True,False
740,8079960,53,2,237,2,2,10,3,1,False,True,False,False,True,True,False
741,1536994,43,5,26,22,5,13,31,1,False,True,False,False,True,True,False
742,1677705,42,14,60,20,13,14,29,1,False,True,False,False,True,True,False
743,8036025,23,8,267,8,4,14,15,1,False,True,False,False,True,True,False
744,4226060,49,2,270,20,2,11,28,1,False,True,False,False,True,True,False
745,4516990,69,9,9,25,9,11,30,1,False,True,False,False,True,True,False
746,8769550,23,13,101,25,9,10,13,1,False,True,False,False,True,True,False
747,2881888,61,4,51,14,4,14,48,1,False,True,False,False,True,False,True
748,3734522,47,1,132,2,1,10,46,1,False,True,False,False,True,True,False
749,6799627,22,17,21,0,11,10,40,1,False,True,False,False,True,True,False
750,7790773,40,10,27,25,9,12,43,1,True,False,False,False,True,False,True
751,6073350,68,5,236,14,5,14,28,1,False,True,False,False,True,True,False
752,7919486,36,12,293,22,8,12,45,1,False,True,False,False,True,True,False
753,5247100,40,8,42,2,8,14,10,1,False,True,False,False,True,True,False
754,5302853,31,6,228,19,6,13,20,1,True,False,False,False,True,True,False
755,151700,33,20,228,19,6,13,39,1,False,True,False,False,True,True,False
756,9407809,66,3,218,0,3,13,3,1,False,True,False,False,True,True,False
757,7249382,67,3,21,0,3,14,35,1,False,True,False,False,True,False,True
758,5073397,41,9,50,13,4,12,13,1,False,True,False,False,True,True,False
759,6011488,41,2,39,28,2,12,0,1,False,True,False,False,True,True,False
760,5501513,78,11,215,23,11,14,43,1,False,True,False,False,True,True,False
761,7769983,61,19,141,6,8,14,32,1,False,True,False,False,True,True,False
762,1112644,23,16,212,14,6,10,35,1,False,True,False,False,True,False,True
763,3379005,77,1,234,0,1,11,34,1,False,True,False,False,True,True,False
764,8928667,38,15,256,2,3,10,9,1,False,True,False,False,True,True,False
765,2740183,36,11,149,23,3,12,45,1,True,False,False,False,True,False,True
766,3090546,54,9,11,20,5,12,9,1,False,True,False,False,True,True,False
767,3411984,31,12,139,20,4,12,3,1,False,True,False,True,False,True,False
768,2295066,76,12,263,13,7,13,33,1,False,True,False,False,True,True,False
769,3632441,66,2,127,13,2,13,44,1,False,True,False,False,True,False,True
770,600473,24,11,93,7,6,14,1,1,False,True,False,False,True,True,False
771,5712077,21,0,186,25,0,12,38,1,False,True,False,False,True,True,False
772,6792818,55,14,7,14,3,14,42,1,False,True,False,False,True,False,True
773,2822666,31,0,14,14,0,11,50,1,False,True,False,False,True,False,True
774,6710324,25,0,237,2,0,10,5,1,False,True,False,False,True,False,True
775,4125869,47,19,214,5,13,12,25,1,False,True,False,False,True,True,False
776,4665785,71,13,69,2,3,12,2,1,False,True,False,False,True,True,False
777,3350415,29,9,310,14,6,12,31,1,False,True,False,False,True,True,False
778,3189624,78,2,73,22,2,13,8,1,True,False,False,False,True,False,True
779,8497267,65,6,176,0,6,12,10,1,False,True,False,False,True,True,False
780,4251239,79,2,170,0,2,14,1,1,False,True,False,False,True,True,False
781,3775604,46,11,234,0,5,11,45,1,False,True,False,False,True,True,False
782,4544686,62,8,134,6,5,13,27,1,False,True,True,False,False,True,False
783,2802877,70,14,74,17,10,11,28,1,False,True,False,False,True,True,False
784,8098496,77,15,203,1,11,10,3,1,False,True,False,False,True,True,False
785,7530512,65,12,255,25,10,12,34,1,False,True,False,False,True,True,False
786,8928667,38,15,256,2,3,10,9,1,False,True,False,False,True,True,False
787,1583898,75,9,270,20,6,12,36,1,False,True,False,False,True,True,False
788,8195887,79,16,124,14,14,13,8,1,False,True,False,False,True,True,False
789,3114473,49,16,151,2,10,11,46,1,True,False,False,False,True,False,True
790,2859480,30,14,279,20,10,12,48,1,False,True,False,True,False,True,False
791,7112655,46,20,117,10,5,13,36,1,False,True,False,False,True,True,False
792,6002096,32,14,245,23,3,13,42,1,False,True,False,False,True,True,False
793,3523750,73,20,276,14,12,11,42,1,False,True,False,False,True,True,False
794,1780484,24,10,109,0,5,13,43,1,False,True,False,False,True,True,False
795,2116007,24,5,285,23,5,13,1,1,False,True,False,False,True,False,True
796,4940114,43,8,168,28,8,10,20,1,False,True,False,False,True,True,False
797,2974289,22,3,238,25,3,13,11,1,False,True,False,False,True,True,False
798,7751733,58,12,200,2,12,11,8,1,False,True,False,False,True,True,False
799,1303212,44,7,118,0,7,11,41,1,False,True,False,False,True,False,True
800,1698261,53,20,316,7,13,14,40,1,False,True,False,False,True,False,True
801,9464294,42,9,251,13,5,10,13,1,False,True,False,False,True,True,False
802,5758108,52,0,14,14,0,11,45,1,False,True,False,False,True,True,False
803,6436824,78,13,276,14,4,12,36,1,False,True,False,False,True,True,False
804,779324,45,20,281,9,4,10,2,1,False,True,False,False,True,True,False
805,3959820,78,9,76,2,9,10,10,1,True,False,False,False,True,True,False
806,9866029,47,13,67,3,12,12,9,1,False,True,False,False,True,False,True
807,800194,33,5,76,2,5,13,19,1,False,True,False,False,True,True,False
808,1969104,28,9,289,1,7,14,38,1,False,True,False,False,True,True,False
809,2152437,22,7,179,23,4,12,20,1,False,True,False,False,True,True,False
810,1576494,36,5,250,17,5,14,49,1,False,True,False,False,True,False,True
811,5971936,24,1,79,2,1,10,1,1,False,True,False,False,True,True,False
812,9368198,79,17,314,0,11,11,48,1,False,True,False,False,True,False,True
813,4514928,28,20,54,17,5,11,43,1,False,True,False,False,True,False,True
814,1072440,29,15,168,28,6,12,17,1,False,True,False,False,True,True,False
815,6787542,22,0,231,10,0,12,28,1,False,True,True,False,False,True,False
816,8135531,60,10,219,25,4,11,32,1,False,True,False,True,False,True,False
817,1514602,71,6,239,11,6,13,12,1,False,True,False,False,True,True,False
818,7212880,21,17,107,13,13,12,6,1,False,True,False,False,True,True,False
819,6341090,22,0,222,22,0,13,39,1,False,True,True,False,False,False,True
820,2946448,63,0,198,2,0,13,16,1,False,True,False,False,True,True,False
821,2909502,27,18,263,13,4,11,37,1,False,True,False,False,True,True,False
822,9766082,28,9,89,28,3,14,3,1,False,True,False,False,True,True,False
823,769841,24,2,208,0,2,13,5,1,False,True,False,False,True,True,False
824,6569934,72,9,225,7,3,14,12,1,False,True,False,False,True,False,True
825,7905946,59,12,235,22,6,13,21,1,True,False,False,False,True,True,False
826,9815414,26,5,214,5,5,14,7,1,False,True,False,False,True,True,False
827,1929764,45,5,96,25,3,12,26,1,False,True,False,False,True,True,False
828,4990273,58,2,114,28,2,14,13,1,False,True,False,False,True,True,False
829,7716276,50,16,55,14,13,12,3,1,False,True,False,False,True,True,False
830,9032196,68,11,276,14,11,13,44,1,False,True,False,False,True,False,True
831,9148290,50,15,48,20,12,10,2,1,False,True,False,False,True,True,False
832,831067,48,2,250,17,2,11,16,1,True,False,False,False,True,True,False
833,4094948,49,3,308,6,3,12,25,1,False,True,False,False,True,False,True
834,3700179,75,15,122,11,10,11,12,1,False,True,False,False,True,True,False
835,2460413,61,15,85,14,6,12,47,1,False,True,False,False,True,True,False
836,1537256,29,5,35,19,5,14,6,1,False,True,False,False,True,False,True
837,1290647,39,1,295,1,1,13,14,1,False,True,False,False,True,False,True
838,519464,55,7,130,14,6,12,40,1,False,True,False,False,True,True,False
839,2339154,32,17,36,2,5,14,20,1,False,True,False,False,True,True,False
840,2428232,70,11,62,10,3,12,5,1,False,True,False,False,True,True,False
841,4276227,31,11,148,5,11,13,42,1,False,True,False,False,True,True,False
842,9750930,31,3,104,25,3,10,12,1,False,True,False,False,True,False,True
843,5997509,42,1,125,15,1,13,3,1,False,True,False,False,True,True,False
844,9913461,35,5,42,2,4,14,18,1,False,True,False,False,True,True,False
845,7563306,55,15,163,12,12,12,48,1,False,True,False,False,True,True,False
846,3734522,47,1,132,2,1,10,46,1,False,True,False,False,True,True,False
847,2442178,34,15,11,20,10,13,0,1,True,False,False,False,True,True,False
848,1632386,43,20,105,0,11,14,3,1,False,True,False,False,True,True,False
849,4190150,31,4,230,19,4,12,0,1,False,True,False,False,True,True,False
850,4990273,58,2,114,28,2,14,13,1,False,True,False,False,True,True,False
851,3152333,61,11,53,13,7,14,0,1,False,True,True,False,False,False,True
852,3734522,47,1,132,2,1,10,46,1,False,True,False,False,True,True,False
853,3424035,24,2,181,28,2,14,44,1,False,True,False,False,True,True,False
854,8215558,43,1,87,22,1,13,46,1,False,True,False,False,True,False,True
855,1611437,64,12,129,19,12,10,46,1,False,True,False,True,False,True,False
856,5330385,40,14,11,20,5,12,18,1,False,True,False,False,True,True,False
857,7102815,30,13,199,25,13,13,3,1,False,True,False,False,True,True,False
858,455805,72,0,250,17,0,12,5,1,False,True,False,False,True,True,False
859,223993,54,7,253,17,7,11,37,1,False,True,False,False,True,True,False
860,5431323,70,1,316,7,1,13,44,1,True,False,False,False,True,True,False
861,417023,44,1,12,0,1,12,28,1,False,True,False,False,True,True,False
862,3864475,44,14,74,17,10,11,35,1,False,True,False,False,True,True,False
863,1298318,30,1,285,23,1,12,28,1,False,True,False,False,True,False,True
864,6134910,60,6,156,28,3,11,26,1,True,False,False,False,True,False,True
865,5781868,57,4,23,28,3,11,36,1,False,True,False,True,False,False,True
866,4496096,55,17,47,4,13,13,31,1,False,True,False,False,True,False,True
867,289113,40,5,61,4,5,12,39,1,False,True,False,False,True,False,True
868,9416394,79,9,19,6,9,14,49,1,False,True,False,False,True,True,False
869,2800327,50,6,195,13,6,10,43,1,False,True,False,False,True,False,True
870,5509700,37,0,175,0,0,13,34,1,False,True,False,False,True,True,False
871,1885923,46,16,291,22,8,14,32,1,False,True,False,False,True,True,False
872,1576494,36,5,250,17,5,14,49,1,False,True,False,False,True,False,True
873,3430788,63,3,56,11,3,10,17,1,False,True,False,False,True,True,False
874,7154493,28,4,87,22,4,13,21,1,False,True,False,False,True,True,False
875,10675,23,1,123,23,1,14,27,1,False,True,False,False,True,False,True
876,1363933,45,14,137,2,4,10,4,1,False,True,False,False,True,False,True
877,5550769,59,5,314,0,5,11,47,1,True,False,False,False,True,True,False
878,490369,23,7,129,19,6,14,1,1,False,True,False,False,True,False,True
879,8743154,26,15,90,0,10,14,50,1,False,True,False,False,True,False,True
880,6275695,66,10,14,14,10,11,2,1,False,True,False,False,True,True,False
881,5617309,75,16,39,28,6,12,26,1,True,False,False,False,True,False,True
882,6134981,49,2,207,14,2,10,28,1,False,True,False,False,True,False,True
883,1661569,32,12,154,23,5,13,36,1,False,True,False,False,True,True,False
884,3967264,55,3,172,25,3,14,0,1,False,True,False,False,True,True,False
885,9763429,73,5,298,0,5,11,15,1,False,True,False,False,True,True,False
886,279241,41,0,292,12,0,14,37,1,False,True,False,False,True,False,True
887,5852760,23,0,125,15,0,12,6,1,False,True,False,True,False,True,False
888,5294978,42,17,281,9,8,11,23,1,False,True,False,False,True,True,False
889,8481916,73,0,271,1,0,14,34,1,False,True,False,False,True,True,False
890,142487,50,13,205,14,12,11,12,1,False,True,False,True,False,True,False
891,8476529,41,14,46,6,4,10,41,1,False,True,False,True,False,True,False
892,4544686,62,8,134,6,5,13,27,1,False,True,True,False,False,True,False
893,4076147,25,16,241,4,6,10,38,1,True,False,False,False,True,True,False
894,9558008,49,1,50,13,1,11,37,1,False,True,False,False,True,True,False
895,3390492,54,13,45,28,10,14,35,1,True,False,False,False,True,True,False
896,9749029,26,3,231,10,3,11,48,1,False,True,False,False,True,True,False
897,1509614,25,0,312,0,0,13,24,1,True,False,False,False,True,False,True
898,4990273,58,2,114,28,2,14,13,1,False,True,False,False,True,True,False
899,363864,61,12,239,11,12,13,28,1,False,True,False,False,True,False,True
900,9985964,28,8,166,12,8,13,40,1,True,False,False,False,True,True,False
901,2558886,30,14,231,10,6,10,18,1,False,True,False,False,True,True,False
902,9352887,53,6,199,25,6,11,47,1,False,True,False,False,True,False,True
903,6467283,65,13,195,13,11,12,2,1,False,True,False,False,True,False,True
904,5608121,52,7,127,13,7,14,37,1,False,True,False,False,True,True,False
905,1771195,31,14,305,14,9,13,2,1,False,True,False,False,True,True,False
906,5273503,71,16,175,0,3,10,37,1,False,True,False,False,True,True,False
907,6932405,40,6,198,2,6,14,2,1,False,True,False,False,True,True,False
908,8293745,60,12,85,14,12,10,18,1,True,False,False,False,True,True,False
909,7574572,78,5,313,0,5,10,28,1,False,True,False,False,True,True,False
910,5915580,68,20,66,2,7,10,28,1,False,True,False,False,True,True,False
911,3739091,30,9,70,22,9,13,27,1,False,True,False,False,True,True,False
912,739809,55,4,312,0,4,12,4,1,False,True,False,False,True,True,False
913,7816158,44,8,211,14,8,13,17,1,False,True,False,False,True,True,False
914,6051572,71,17,122,11,7,13,33,1,False,True,False,False,True,True,False
915,7253442,24,17,250,17,8,10,20,1,False,True,False,False,True,True,False
916,2590478,32,2,136,25,2,10,42,1,False,True,False,False,True,True,False
917,7574572,78,5,313,0,5,10,28,1,False,True,False,False,True,True,False
918,5822214,26,12,259,25,4,13,47,1,False,True,False,False,True,True,False
919,8976828,58,10,204,22,10,14,28,1,False,True,False,False,True,False,True
920,1364478,33,2,7,14,2,11,35,1,False,True,False,False,True,True,False
921,2713971,74,2,72,0,2,12,39,1,False,True,False,False,True,False,True
922,4255478,26,8,209,5,8,11,32,1,False,True,False,False,True,True,False
923,9366699,67,8,131,14,4,13,24,1,False,True,False,False,True,True,False
924,8605005,31,20,201,11,5,14,36,1,False,True,False,False,True,True,False
925,8236972,21,7,198,2,4,13,18,1,False,True,False,False,True,True,False
926,915146,50,4,97,6,4,13,14,1,False,True,False,True,False,True,False
927,9849899,39,8,140,1,5,13,22,1,False,True,False,False,True,True,False
928,7310061,37,10,68,14,6,11,50,1,False,True,False,False,True,True,False
929,4763378,70,6,15,22,6,14,40,1,False,True,False,False,True,False,True
930,6913078,38,14,274,7,3,14,5,1,True,False,False,False,True,True,False
931,6238694,59,1,168,28,1,11,21,1,False,True,False,False,True,True,False
932,2024213,38,19,88,4,8,14,12,1,False,True,False,False,True,True,False
933,1771195,31,14,305,14,9,13,2,1,False,True,False,False,True,True,False
934,80183,72,4,281,9,4,13,23,1,False,True,False,False,True,False,True
935,9528207,34,2,259,25,2,10,17,1,False,True,False,False,True,True,False
936,3672369,60,12,117,10,6,12,14,1,False,True,False,False,True,True,False
937,7769983,61,19,141,6,8,14,32,1,False,True,False,False,True,True,False
938,1591082,66,3,208,0,3,11,38,1,False,True,False,False,True,True,False
939,865280,36,18,126,13,11,11,29,1,False,True,False,True,False,True,False
940,1789952,27,4,66,2,4,11,38,1,True,False,False,False,True,True,False
941,3432589,38,20,3,6,5,12,0,1,False,True,False,False,True,True,False
942,703895,32,20,191,23,6,11,12,1,False,True,False,False,True,False,True
943,4975942,37,12,144,14,10,12,7,1,False,True,False,False,True,True,False
944,228131,30,5,143,0,5,12,48,1,False,True,False,False,True,True,False
945,8314069,31,17,112,13,8,14,14,1,False,True,False,False,True,True,False
946,4516990,69,9,9,25,9,11,30,1,False,True,False,False,True,True,False
947,2752298,62,19,3,6,6,13,24,1,False,True,False,False,True,False,True
948,2116007,24,5,285,23,5,13,1,1,False,True,False,False,True,False,True
949,9364519,75,15,99,21,3,11,9,1,False,True,False,False,True,True,False
950,8149390,78,1,249,13,1,11,13,1,False,True,False,False,True,True,False
951,9597503,47,13,111,1,7,10,9,1,False,True,False,False,True,True,False
952,1932159,63,7,284,6,7,13,35,1,True,False,False,False,True,True,False
953,2041977,70,9,216,25,9,11,43,1,False,True,False,False,True,False,True
954,5952371,67,16,140,1,3,14,48,1,False,True,False,False,True,False,True
955,779324,45,20,281,9,4,10,2,1,False,True,False,False,True,True,False
956,4477660,30,0,255,25,0,14,30,1,True,False,False,False,True,False,True
957,5392942,36,16,153,0,11,12,1,1,False,True,False,False,True,False,True
958,5554586,39,18,118,0,13,13,43,1,False,True,False,False,True,True,False
959,5294978,42,17,281,9,8,11,23,1,False,True,False,False,True,True,False
960,3381603,73,12,148,5,7,10,3,1,False,True,False,True,False,True,False
961,7712390,66,10,198,2,6,10,48,1,False,True,False,False,True,False,True
962,2362103,56,2,185,25,2,11,16,1,False,True,False,False,True,True,False
963,46750,33,13,194,6,10,11,8,1,False,True,False,False,True,False,True
964,2143718,25,0,166,12,0,10,19,1,False,True,True,False,False,False,True
965,6943697,37,14,221,20,3,12,3,1,False,True,False,False,True,True,False
966,8342442,30,17,133,9,11,10,9,1,False,True,False,False,True,True,False
967,3315306,66,14,71,28,3,11,38,1,False,True,False,False,True,False,True
968,1935453,60,2,66,2,2,13,3,1,False,True,False,False,True,False,True
969,4510519,73,3,178,22,3,10,32,1,False,True,False,True,False,False,True
970,2478851,38,10,2,25,5,10,49,1,False,True,False,False,True,True,False
971,2699320,27,1,183,11,1,10,38,1,False,True,False,False,True,True,False
972,6715263,29,0,82,13,0,11,46,1,False,True,False,False,True,True,False
973,2779698,38,6,40,17,6,12,34,1,False,True,False,False,True,True,False
974,1789952,27,4,66,2,4,11,38,1,True,False,False,False,True,True,False
975,432951,45,1,269,13,1,11,49,1,False,True,False,False,True,False,True
976,2018172,73,15,299,22,3,12,24,1,False,True,False,False,True,True,False
977,8378553,50,15,205,14,6,13,7,1,False,True,False,False,True,True,False
978,2760182,58,1,123,23,1,11,48,1,False,True,False,False,True,True,False
979,5712077,21,0,186,25,0,12,38,1,False,True,False,False,True,True,False
980,3188212,61,14,11,20,10,12,18,1,False,True,False,False,True,True,False
981,7957694,22,0,249,13,0,14,13,1,False,True,False,False,True,False,True
982,2062048,50,3,34,25,3,11,29,1,False,True,False,False,True,False,True
983,4973814,24,19,17,19,6,12,14,1,False,True,False,False,True,True,False
984,6536136,60,16,240,28,13,13,15,1,False,True,False,False,True,True,False
985,2755203,64,15,207,14,11,12,5,1,False,True,False,False,True,True,False
986,5712077,21,0,186,25,0,12,38,1,False,True,False,False,True,True,False
987,2499276,21,0,83,10,0,12,37,1,False,True,False,False,True,True,False
988,8732919,54,18,270,20,5,13,39,1,False,True,False,False,True,True,False
989,1620737,54,18,198,2,10,11,31,1,False,True,False,False,True,False,True
990,116617,62,15,47,4,14,11,33,1,False,True,False,False,True,True,False
991,2561886,41,6,246,10,5,14,9,1,False,True,False,False,True,False,True
992,9684290,73,3,87,22,3,13,5,1,False,True,False,False,True,True,False
993,7037934,53,17,32,28,7,12,41,1,True,False,False,False,True,True,False
994,4962403,39,16,182,14,7,10,11,1,False,True,False,False,True,False,True
995,6671351,28,14,198,2,13,12,49,1,False,True,False,False,True,True,False
996,6896303,25,7,54,17,7,13,38,1,False,True,False,False,True,True,False
997,9645128,26,2,153,0,2,11,4,1,False,True,False,False,True,True,False
998,9557082,70,0,44,20,0,13,23,1,True,False,False,False,True,False,True
999,7914034,23,2,106,11,2,10,8,1,False,True,False,False,True,True,False
1000,7218867,43,16,122,11,8,14,2,1,False,True,False,False,True,True,False
